sondage,weightsondeur_farleft,weightsondeur_left,weightsondeur_green,weightsondeur_center,weightsondeur_right,weightsondeur_farright
BVA,1.040574191221688,1.4022471784114328,1.3727881405555582,1.3478260869565217,0.7830188679245282,1.4339622641509435
CSA,1.5522388059701493,1.533367136401666,1.5238095238095237,1.2842952222043527,0.7627024954745896,1.306578064666126
Harris,,1.032258064516129,,0.9838709677419355,1.032258064516129,0.9838709677419355
Ifop,0.9096237802866932,1.3795126473947512,0.7884615384615384,1.3528276018972358,0.9630074783254257,1.228332277642916
Ipsos,0.7307692307692308,0.7307692307692308,1.0916267497575696,1.1800416256376505,0.8370097284666412,1.3004684401052207
Kantar,1.214487949388601,1.536423047669269,1.5246532867255702,1.4223142066448808,0.8783704000704277,1.5157598662694465
