sondage,weightsondeur_farleft,weightsondeur_left,weightsondeur_green,weightsondeur_center,weightsondeur_right,weightsondeur_farright
BVA,0.9665282042925835,1.2555677208802367,1.3169625944844332,1.3333333333333333,1.0320805389236896,1.4230769230769231
CSA,1.5161290322580645,1.3307778841213067,1.4013775258927907,1.326464352275733,0.7419354838709677,1.2770329828871871
Harris,,1.0284730298451508,,0.9838709677419355,1.032258064516129,0.9838709677419355
Ifop,0.9641746354268046,1.4545454545454546,0.8125,1.340453109654746,0.9369969977926157,1.0682508617754236
Ipsos,0.7307692307692308,0.7307692307692308,1.1543265944910672,1.2020577770293188,0.7879990706578139,1.2408658175162839
Kantar,1.2250675471036718,1.486020528288233,1.5161290322580645,1.4207721685627988,0.799389099386478,1.3864097355638072
