sondage,weightsondeur_farleft,weightsondeur_left,weightsondeur_green,weightsondeur_center,weightsondeur_right,weightsondeur_farright
BVA,0.654639175257732,1.2560789485691253,1.0350164344749186,1.0318422975536305,1.1077984167742947,0.6485148514851485
CSA,1.0262823114579211,1.5932906738536463,0.6428571428571428,0.7078461569163832,0.631578947368421,0.8972517164898365
Harris,1.3617021276595744,1.3409196397110723,1.01830651975824,0.8297410687578244,1.3655570798764614,0.9407605680725573
Ifop,1.0816827177819157,1.0301657087812874,0.6786726819653606,0.5717703349282297,1.3120641769781762,1.169843439755156
Ipsos,0.8606370909842298,1.020304473656949,1.7115384615384615,1.7058823529411766,1.7345132743362832,1.470565611514378
Kantar,0.9193530445829532,1.7321428571428572,1.4622671874992181,1.5332195182731994,1.5224750657035777,1.7297297297297298
OpinionWay,1.2924990559772822,0.7272727272727273,1.1402457282593788,0.9276711481527748,1.1652190880282287,0.9007347369836411
