sondage,weightsondeur_farleft,weightsondeur_left,weightsondeur_green,weightsondeur_center,weightsondeur_right,weightsondeur_farright
BVA,0.6648351648351649,1.2699295305876424,1.0620282059900519,1.303176607806166,1.0390750873139614,0.8399320922438873
CSA,1.0720756367352977,1.5779711774407668,0.654639175257732,0.9047111694102004,0.6415094339622642,0.6415094339622642
Harris,1.2682926829268293,0.9883782065881372,0.9465491605256015,0.8571428571428572,1.2857142857142856,1.0227781132171938
Ifop,1.0145333375834353,1.0046967358522048,0.8510086680921946,0.9781617342926368,1.249983418071795,1.237945110313945
Ipsos,0.7697006474493036,1.1576995136069579,1.6808510638297873,1.6739130434782608,1.5715260185842812,1.273827816393114
Kantar,0.7626279631372754,1.7247706422018347,1.4716962805407086,1.598281663198584,1.3904287780720728,1.5801507823108114
OpinionWay,1.31979345412248,0.7678571428571428,0.9776497924579379,0.9298602322678842,1.0511340544400978,1.4642857142857144
