sondage,weightsondeur_farleft,weightsondeur_left,weightsondeur_green,weightsondeur_center,weightsondeur_right,weightsondeur_farright
BVA,0.7645454004198154,1.3091268554027389,1.2637271099723844,1.0382384882652542,1.2288918567553944,0.6552096519390929
CSA,0.8932915892709429,1.4555462110870532,1.1607575220391477,0.6428571428571428,0.631578947368421,0.6550825997096812
Elabe,1.1954385347802543,1.3242487788658581,1.2682926829268293,1.353750000962864,1.3896395173199962,1.4117647058823528
Harris,1.5,1.5081967213114753,1.1991523075405688,0.8897249464354645,1.4133572412067368,1.1344254331969286
Ifop,0.8462402547013548,1.0247401948417025,1.1356629538463192,0.5766561847825348,1.4651825655840918,0.7279960163950946
Ipsos,0.9985256207075354,1.1982649491201935,1.4791766164777327,1.736842105263158,1.765625,1.0243481516306585
Kantar,0.625,1.3240370803239316,1.4017649462386763,1.5469862577864584,1.6042918527095442,0.9947798283201346
Odoxa,0.9984317207534411,1.2676267186994503,0.9411764705882353,1.0383136550946728,0.9889223282054908,0.8658536585365854
OpinionWay,1.1023333053507491,0.6485148514851485,1.2235065009847452,0.8277868589927737,1.452721787501837,0.7696557971623291
