sondage,weightsondeur_farleft,weightsondeur_left,weightsondeur_green,weightsondeur_center,weightsondeur_right,weightsondeur_farright
BVA,0.7380952380952381,1.1507159351454803,1.308747556860018,1.4314658075108508,0.8930697290499507,1.4939067510177577
CSA,1.620253164556962,1.2670787364209395,1.3080336018586074,1.2983838941438184,0.6785714285714286,1.2851761040170855
Harris,,1.0244367720575271,,0.9838709677419355,1.032258064516129,0.9838709677419355
Ifop,1.1120036569391092,0.8386921550306617,1.2006176866157279,1.3512785533641816,0.8991958957231403,1.3821601711116138
Ipsos,0.978133933670833,0.7979346955224076,1.620253164556962,1.6103896103896105,1.1470823635097676,1.5687083990090989
Kantar,0.8374457135727449,1.696969696969697,1.6493014733571905,1.5748187891196421,1.0287567360275338,1.6475597136702587
OpinionWay,1.0930907595733625,0.9285714285714286,0.9285714285714286,1.0299931684261574,0.9528816229604387,1.1428571428571428
