sondage,weightsondeur_farleft,weightsondeur_left,weightsondeur_green,weightsondeur_center,weightsondeur_right,weightsondeur_farright
BVA,0.9463737057337845,1.1241642674615082,1.3169625944844332,1.3333333333333333,1.0543494132761115,1.4230769230769231
CSA,1.4827586206896552,0.8970458275675547,1.4013775258927907,1.326464352275733,0.8669696947454879,1.3174402527378843
Harris,,1.0255038399704826,,0.9838709677419355,1.032258064516129,0.9838709677419355
Ifop,0.9435066112515735,1.4545454545454546,0.8125,1.340453109654746,0.9664735403434596,1.0682508617754236
Ipsos,0.75,0.75,1.1543265944910672,1.2020577770293188,0.9193110493514837,1.1789278143293367
Kantar,1.283810699290808,0.8582497906661146,1.5161290322580645,1.4207721685627988,0.7272727272727273,1.392905076039281
