sondage,weightsondeur_farleft,weightsondeur_left,weightsondeur_green,weightsondeur_center,weightsondeur_right,weightsondeur_farright
BVA,0.65625,1.3242086175667578,0.9667633285111772,1.0527019251042797,1.0569104710669757,0.65
CSA,1.0040382238116035,1.6088129789118522,0.6485148514851485,0.7688455225649238,0.6363636363636364,0.7247512715288127
Harris,1.302325581395349,1.2030370631598366,0.9976655540374856,0.8409090909090909,1.2587482522175533,1.037012394961853
Ifop,1.0609037239572523,1.2207818403879331,0.6608824932719912,0.6422277774739747,1.3418833763121156,1.0895318731798154
Ipsos,0.8404546205485002,1.1439990032897736,1.690721649484536,1.6842105263157894,1.7169811320754715,1.3116312336438818
Kantar,0.8490510183642432,1.7272727272727273,1.4271344898809408,1.611827822049306,1.5228116859994918,1.7247706422018347
OpinionWay,1.2412021419906172,0.7542372881355932,1.0809028713807989,1.019966960037805,1.1545508456280302,1.4264518502166463
