sondage,weightsondeur_farleft,weightsondeur_left,weightsondeur_green,weightsondeur_center,weightsondeur_right,weightsondeur_farright
BVA,0.7380952380952381,1.242646535385904,1.0481234630218685,1.4314658075108508,0.8383081756992296,1.4841413416838516
CSA,1.6470588235294117,1.4151701449588499,0.8344143543304348,1.3598447589308826,0.6666666666666667,1.3320274424100027
Harris,,1.026418306801597,,0.9838709677419355,1.032258064516129,0.9838709677419355
Ifop,1.0324072173159522,1.1231058712615027,1.0558519440355694,1.4103536442850055,0.8545712792060143,1.4140698909940013
Ipsos,0.9824265539349379,0.9904386667473998,1.620253164556962,1.6103896103896105,1.1045464129219924,1.5573168163724311
Kantar,0.9566589107224654,1.7058823529411766,1.6103458637737198,1.6156796797842468,0.9506694491644321,1.60057925863999
OpinionWay,1.180681487817777,0.8488372093023255,0.8488372093023255,1.14764138766633,0.8757286595669953,1.302325581395349
