sondage,weightsondeur_farleft,weightsondeur_left,weightsondeur_green,weightsondeur_center,weightsondeur_right,weightsondeur_farright
BVA,1.1835116789309623,1.0660708203052276,1.1107706206118233,,0.9980288782753575,1.1574007634410208
CSA,1.1428571428571428,1.0442333279891207,1.1428571428571428,,0.9821208185280386,1.0632831343929625
Harris,,1.032258064516129,,0.9838709677419355,1.032258064516129,0.9838709677419355
Ifop,,1.1338144585685805,,1.1849266685411102,1.036726092607479,1.1527061497079638
Ipsos,0.875,0.875,0.9054054054054054,1.0074268534426287,1.0942053226468558,1.019462697848406
Kantar,1.18957512127422,0.982649321138342,1.133979014492186,1.2857142857142856,0.8571428571428572,1.2682926829268293
