sondage,weightsondeur_farleft,weightsondeur_left,weightsondeur_green,weightsondeur_center,weightsondeur_right,weightsondeur_farright
BVA,0.8057760928574002,1.3750661684186254,1.2075551565211429,0.9389877050723753,1.193869283273618,0.64528726111223
CSA,0.9715682802447814,1.532393027173646,0.9622433401027396,0.6428571428571428,0.631578947368421,0.631578947368421
Elabe,1.4257743132492644,1.2591755383773209,1.302325581395349,1.0816698757622472,1.3753219020702467,1.4339622641509435
Harris,1.5522388059701493,1.5241075583319865,1.2222942083275092,0.9039504108468255,1.2807132673576327,1.085199666684973
Ifop,0.9728379534874582,1.0948319800809325,0.9159395931682459,0.5884138356238275,1.400721885184762,0.6913814882072016
Ipsos,1.1448469328684245,1.2383506344962196,1.598079036963243,1.4903194854425132,1.7727272727272727,1.0729152987393369
Kantar,0.6229508196721312,1.368375236016701,1.5035740453808317,1.1657236936068018,1.4940850993344,0.9485716341413377
Odoxa,1.1754746099716364,1.2857142857142856,0.9285714285714286,1.25,0.872680511337761,0.8671551796248957
OpinionWay,1.1435818300651466,0.6415094339622642,1.1342752514314327,0.6832807232935173,1.4735448831061726,0.7054740559848509
