sondage,weightsondeur_farleft,weightsondeur_left,weightsondeur_green,weightsondeur_center,weightsondeur_right,weightsondeur_farright
BVA,1.1894535160065598,1.2811865673528964,1.2601438611955857,1.0318422975536305,1.2633438463322824,1.1636515269823204
CSA,1.4150692064307226,1.4984402749085,1.1607575220391477,0.7078461569163832,0.8481378950984044,1.2488085604259518
Elabe,1.0624663494894282,1.0580743145730598,1.0909090909090908,,1.0621999402755216,1.0909090909090908
Harris,1.4117647058823528,1.4230769230769231,1.184508755515527,0.8297410687578244,1.3531900812414168,1.2087360274210603
Ifop,1.5482391464656056,1.1798628134097173,1.1329635379279486,0.5717703349282297,1.498633633564714,1.4061042580804362
Ipsos,1.3885651006653281,1.1359725995322072,1.4741385445755135,1.7058823529411766,1.7413793103448276,1.378191369997402
Kantar,1.3916302470741964,1.4885198509263655,1.3959527951176829,1.5332195182731994,1.5850487381929028,1.481090776360307
Odoxa,0.96875,0.96875,0.96875,,0.96875,0.96875
OpinionWay,1.5024421342250491,0.9099952427816063,1.1969587831075978,0.9276711481527748,1.2496307916682143,1.2520231434264686
