sondage,weightsondeur_farleft,weightsondeur_left,weightsondeur_green,weightsondeur_center,weightsondeur_right,weightsondeur_farright
BVA,0.7419354838709677,1.4287804813628986,1.4670213725646448,1.42482694229369,0.9150336857020247,1.5454545454545454
CSA,1.5945945945945947,1.4189368882049262,1.5714285714285714,1.4352419570752462,0.689873417721519,1.1963153458556008
Harris,,1.0238554123842332,,0.9838709677419355,1.032258064516129,0.9838709677419355
Ifop,1.042911560806292,0.9505805519102406,0.7419354838709677,1.3852965344887047,0.8627539344867745,1.2832625767860093
Ipsos,0.9022967711109475,0.6851851851851851,1.0762103388279918,1.4576962154264672,1.1394554114862296,1.4992417801094082
Kantar,0.8226383029231921,1.6842105263157894,1.606175229834335,1.6666666666666665,1.0452785295742033,1.6245686814479843
